{"cameraMode":{"drawMode":0,"name":"Shaded","section":"Shading Mode"},"sceneLighting":false,"audioPlay":false,"sceneViewState":{"showFog":true,"showMaterialUpdate":false,"showSkybox":false,"showFlares":true,"showImageEffects":true,"showParticleSystems":true},"in2DMode":false,"pivot":{"x":7.4820556640625,"y":15.942045211791993,"z":-26.863306045532228},"rotation":{"x":-0.10730116814374924,"y":0.7630897164344788,"z":-0.1313142329454422,"w":-0.6236828565597534},"size":1.0862778425216675,"orthographic":true}