{"cameraMode":{"drawMode":0,"name":"Shaded","section":"Shading Mode"},"sceneLighting":false,"audioPlay":false,"sceneViewState":{"showFog":true,"showMaterialUpdate":false,"showSkybox":false,"showFlares":true,"showImageEffects":true,"showParticleSystems":true},"in2DMode":false,"pivot":{"x":6.380899429321289,"y":15.738567352294922,"z":-26.542068481445314},"rotation":{"x":-0.07151618599891663,"y":0.9195471405982971,"z":-0.19830858707427979,"w":-0.33171623945236208},"size":0.8616846203804016,"orthographic":true}