{"cameraMode":{"drawMode":0,"name":"Shaded","section":"Shading Mode"},"sceneLighting":false,"audioPlay":false,"sceneViewState":{"showFog":true,"showMaterialUpdate":false,"showSkybox":false,"showFlares":true,"showImageEffects":true,"showParticleSystems":true},"in2DMode":false,"pivot":{"x":9.40288257598877,"y":16.244117736816408,"z":-27.279308319091798},"rotation":{"x":-0.08400266617536545,"y":0.8662357330322266,"z":-0.15575747191905976,"w":-0.46729210019111636},"size":0.7383622527122498,"orthographic":true}