{"cameraMode":{"drawMode":0,"name":"Shaded","section":"Shading Mode"},"sceneLighting":false,"audioPlay":false,"sceneViewState":{"showFog":true,"showMaterialUpdate":false,"showSkybox":false,"showFlares":true,"showImageEffects":true,"showParticleSystems":true},"in2DMode":false,"pivot":{"x":10.736587524414063,"y":21.897687911987306,"z":-25.579120635986329},"rotation":{"x":0.10365075618028641,"y":-0.896212637424469,"z":0.31449833512306216,"w":0.29529833793640139},"size":10.013615608215332,"orthographic":true}