{"cameraMode":{"drawMode":0,"name":"Shaded","section":"Shading Mode"},"sceneLighting":false,"audioPlay":false,"sceneViewState":{"showFog":true,"showMaterialUpdate":false,"showSkybox":false,"showFlares":true,"showImageEffects":true,"showParticleSystems":true},"in2DMode":false,"pivot":{"x":7.917989730834961,"y":14.976436614990235,"z":-27.891435623168947},"rotation":{"x":-0.13553304970264436,"y":0.7810685634613037,"z":-0.1819857507944107,"w":-0.5817945599555969},"size":0.6557435989379883,"orthographic":true}