{"cameraMode":{"drawMode":0,"name":"Shaded","section":"Shading Mode"},"sceneLighting":true,"audioPlay":false,"sceneViewState":{"showFog":true,"showMaterialUpdate":false,"showSkybox":true,"showFlares":true,"showImageEffects":true,"showParticleSystems":true},"in2DMode":false,"pivot":{"x":9.499008178710938,"y":0.4951171875,"z":-0.1337890625},"rotation":{"x":0.22622878849506379,"y":0.5007659792900086,"z":-0.1374519318342209,"w":0.8241403698921204},"size":12.803234100341797,"orthographic":true}