{"cameraMode":{"drawMode":0,"name":"Shaded","section":"Shading Mode"},"sceneLighting":false,"audioPlay":false,"sceneViewState":{"showFog":true,"showMaterialUpdate":false,"showSkybox":false,"showFlares":true,"showImageEffects":true,"showParticleSystems":true},"in2DMode":false,"pivot":{"x":11.388697624206543,"y":18.788097381591798,"z":-27.119667053222658},"rotation":{"x":0.10365075618028641,"y":-0.896212637424469,"z":0.31449833512306216,"w":0.29529833793640139},"size":10.013615608215332,"orthographic":true}