{"cameraMode":{"drawMode":0,"name":"Shaded","section":"Shading Mode"},"sceneLighting":false,"audioPlay":false,"sceneViewState":{"showFog":true,"showMaterialUpdate":false,"showSkybox":false,"showFlares":true,"showImageEffects":true,"showParticleSystems":true},"in2DMode":false,"pivot":{"x":9.14786434173584,"y":17.130334854125978,"z":-26.586294174194337},"rotation":{"x":-0.08467308431863785,"y":0.6892400979995728,"z":-0.08165110647678375,"w":-0.7149528861045837},"size":0.9050195217132568,"orthographic":true}