{"cameraMode":{"drawMode":0,"name":"Shaded","section":"Shading Mode"},"sceneLighting":false,"audioPlay":false,"sceneViewState":{"showFog":true,"showMaterialUpdate":false,"showSkybox":false,"showFlares":true,"showImageEffects":true,"showParticleSystems":true},"in2DMode":false,"pivot":{"x":9.609807968139649,"y":15.337985038757325,"z":-28.57499885559082},"rotation":{"x":-0.10077516734600067,"y":0.8412179946899414,"z":-0.16825197637081147,"w":-0.5039164423942566},"size":0.9943849444389343,"orthographic":true}