{"cameraMode":{"drawMode":0,"name":"Shaded","section":"Shading Mode"},"sceneLighting":false,"audioPlay":false,"sceneViewState":{"showFog":true,"showMaterialUpdate":false,"showSkybox":false,"showFlares":true,"showImageEffects":true,"showParticleSystems":true},"in2DMode":false,"pivot":{"x":11.6005859375,"y":21.04541015625,"z":-20.74658203125},"rotation":{"x":-0.11152750998735428,"y":-0.4133620858192444,"z":0.05113977938890457,"w":-0.9022889733314514},"size":3.9795987606048586,"orthographic":true}