{"cameraMode":{"drawMode":0,"name":"Shaded","section":"Shading Mode"},"sceneLighting":false,"audioPlay":false,"sceneViewState":{"showFog":true,"showMaterialUpdate":false,"showSkybox":false,"showFlares":true,"showImageEffects":true,"showParticleSystems":true},"in2DMode":false,"pivot":{"x":12.736591339111329,"y":19.36729621887207,"z":-28.667831420898439},"rotation":{"x":0.14462627470493318,"y":-0.45300793647766116,"z":0.07469868659973145,"w":0.8765514492988586},"size":10.013615608215332,"orthographic":true}